Paulann,Grech
Daniel,Chircop
Andrew,Azzopardi
Emeka,Chukwu
Lalit,Garg
Nkiruka,Obande-Ogbuinya
Vijay Kumar,Chattu
Linda,Ross
Tove,Giske
Adam J,Boughey
René,van Leeuwen
Josephine,Attard
Tormod,Kleiven
Wilfred,McSherry
F,Sousa
A,Vaandering
J G,Couto
M,Somoano
D,Van Gestel
Maria,Caruana
Lorna M,Bonnici West
Maria,Cordina
Sarah,Cuschieri
Victor,Grech
Joseph,Grech
Maíra Barreto,Malta
Caroline de Barros,Gomes
Aluísio J D,Barros
Larissa Gastraldi,Baraldi
Monica Yuri,Takito
Maria Helena D'Aquino,Benício
Maria Antonieta de Barros Leite,Carvalhaes
Sarah,Cilia Vincenti
Paulann,Grech
Josianne,Scerri
Justin Lee,Mifsud
Joseph,Galea
Joanne,Garside
John,Stephenson
Felicity,Astin
Joseph,Grech
Joseph,Grech
Roberta,Sammut
Mariella B,Buontempo
Pauline,Vassallo
Neville,Calleja
W J,Fokkens
V J,Lund
C,Hopkins
P W,Hellings
R,Kern
S,Reitsma
S,Toppila-Salmi
M,Bernal-Sprekelsen
J,Mullol
I,Alobid
W,Terezinha Anselmo-Lima
C,Bachert
F,Baroody
C,von Buchwald
A,Cervin
N,Cohen
J,Constantinidis
L,De Gabory
M,Desrosiers
Z,Diamant
R G,Douglas
P H,Gevaert
A,Hafner
R J,Harvey
G F,Joos
L,Kalogjera
A,Knill
J H,Kocks
B N,Landis
J,Limpens
S,Lebeer
O,Lourenco
C,Meco
P M,Matricardi
L,O'Mahony
C M,Philpott
D,Ryan
R,Schlosser
B,Senior
T L,Smith
T,Teeling
P V,Tomazic
D Y,Wang
D,Wang
L,Zhang
A M,Agius
C,Ahlstrom-Emanuelsson
R,Alabri
S,Albu
S,Alhabash
A,Aleksic
M,Aloulah
M,Al-Qudah
S,Alsaleh
M A,Baban
T,Baudoin
T,Balvers
P,Battaglia
J D,Bedoya
A,Beule
K M,Bofares
I,Braverman
E,Brozek-Madry
B,Richard
C,Callejas
S,Carrie
L,Caulley
D,Chussi
E,de Corso
A,Coste
U,El Hadi
A,Elfarouk
P H,Eloy
S,Farrokhi
G,Felisati
M D,Ferrari
R,Fishchuk
W,Grayson
P M,Goncalves
B,Grdinic
V,Grgic
A W,Hamizan
J V,Heinichen
S,Husain
T I,Ping
J,Ivaska
F,Jakimovska
L,Jovancevic
E,Kakande
R,Kamel
S,Karpischenko
H H,Kariyawasam
H,Kawauchi
A,Kjeldsen
L,Klimek
A,Krzeski
G,Kopacheva Barsova
S W,Kim
D,Lal
J J,Letort
A,Lopatin
A,Mahdjoubi
A,Mesbahi
J,Netkovski
D,Nyenbue Tshipukane
A,Obando-Valverde
M,Okano
M,Onerci
Y K,Ong
R,Orlandi
N,Otori
K,Ouennoughy
M,Ozkan
A,Peric
J,Plzak
E,Prokopakis
N,Prepageran
A,Psaltis
B,Pugin
M,Raftopulos
P,Rombaux
H,Riechelmann
S,Sahtout
C-C,Sarafoleanu
K,Searyoh
C-S,Rhee
J,Shi
M,Shkoukani
A K,Shukuryan
M,Sicak
D,Smyth
K,Sindvongs
T,Soklic Kosak
P,Stjarne
B,Sutikno
S,Steinsvag
P,Tantilipikorn
S,Thanaviratananich
T,Tran
J,Urbancic
A,Valiulius
C,Vasquez de Aparicio
D,Vicheva
P M,Virkkula
G,Vicente
R,Voegels
M M,Wagenmann
R S,Wardani
A,Welge-Lussen
I,Witterick
E,Wright
D,Zabolotniy
B,Zsolt
C P,Zwetsloot
Roberta,Attard
Roberta,Sammut
Anthony,Scerri
Ermira,Tartari
Carolina,Fankhauser
Sarah,Masson-Roy
Hilda,Márquez-Villarreal
Inmaculada,Fernández Moreno
Ma Luisa,Rodriguez Navas
Odet,Sarabia
Fernando,Bellissimo-Rodrigues
Marcela,Hernández-de Mezerville
Yew Fong,Lee
Mohammad Hassan,Aelami
Shaheen,Mehtar
Américo,Agostinho
Liberato,Camilleri
Benedetta,Allegranzi
Daniela,Pires
Didier,Pittet
Josephine,Attard
Linda,Ross
Keith W,Weeks
Dr Josephine,Attard
Dr Linda,Ross
Keith W,Weeks
Josephine,Attard
Linda,Ross
Keith W,Weeks
Sue,Malta
Meredith,Temple-Smith
Jesse,Hunter
Declan,McGavin
Jenni,Lyne
Adrian,Bickerstaffe
Jane,Hocking
Sue,Malta
Jane,Hocking
Jenni,Lyne
Declan,McGavin
Jesse,Hunter
Adrian,Bickerstaffe
Meredith,Temple-Smith
Victoria,Hughes
Rebecca,Wright
Maria,Cassar
Adrienne,Grech
Maria,Cassar
Peter,Vink
Zeliha,Tulek
Katrin,Gillis
Ann-Cathrin,Jönsson
Jovanca,Buhagiar
Cath,Waterhouse
Ingrid,Poulsen
Daren,Chircop
Josianne,Scerri
Gill,Hubbard
Richard G,Kyle
Richard D,Neal
Vincent,Marmara
Ziyan,Wang
Stephan U,Dombrowski
Alexis,Borg Sapiano
Roberta,Sammut
Josef,Trapani
Anthony,Scerri
Charles,Scerri
Deborah Carvalho,Malta
Elisabeth,França
Daisy Maria Xavier,Abreu
Rosângela Durso,Perillo
Maíra Coube,Salmen
Renato Azeredo,Teixeira
Valeria,Passos
Maria de Fátima Marinho,Souza
Meghan,Mooney
Mohsen,Naghavi
Kyra,Bartolo
Martin,Balzan
Emma Louise,Schembri
Rachelle,Asciak
Darlene,Mercieca Balbi
Michael,Pace Bardon
Stephen,Montefort
Jayne E,Marshall
Maíra Barreto,Malta
Maria Antonieta de Barros Leite,Carvalhaes
Monica Yuri,Takito
Vera Lucia Pamplona,Tonete
Aluísio J D,Barros
Cristina Maria Garcia de Lima,Parada
Maria Helena D'Aquino,Benício
Josef,Trapani
Julie,Scholes
Maria,Cassar
Bernd,Kozel
Manuela,Grieser
Christoph,Abderhalden
John R,Cutcliffe
J R,Cutcliffe
Rodger,Travale
Misty M,Richmond
Tyler,Green
Rebecca,Dawber
Kathy,Armour
Peter,Ferry
Bhaskar,Mukherjee
Christopher,Carter
Chantal,Meystre
Linda,Ross
Tove,Giske
René,van Leeuwen
Donia,Baldacchino
Wilfred,McSherry
Aru,Narayanasamy
Paul,Jarvis
Annemiek,Schep-Akkerman
Elmira,Petrova
Michelle,Camilleri
John R,Cutcliffe
Jose Carlos,Santos
Bernd,Kozel
Petrea,Taylor
David,Lees
Bruna Mara,Duarte
Regina Tomie Ivata,Bernal
Deborah Carvalho,Malta
Josephine,Attard
Donia R,Baldacchino
Liberato,Camilleri
Linda,Ross
René,van Leeuwen
Donia,Baldacchino
Tove,Giske
Wilfred,McSherry
Aru,Narayanasamy
Carmel,Downes
Paul,Jarvis
Annemiek,Schep-Akkerman
Josianne,Scerri
Rebecca,Cassar
Anthony,Scerri
Charles,Scerri
Pierre,Ellul
Alice,Moore
Justine,Camilleri
Victor,Grech
Donia R,Baldacchino
Paul,Galea
Donia R,Baldacchino
Victor,Grech
Maria,Cassar
Sandra,Distefano
C,Farrugia
M A,Borg
E,Tartari
J,Mamo
Donia,Baldacchino
Donia R,Baldacchino
E,Petrova
Donia,Baldacchino
Ivon,Spencer
Alida,Deguara
John,Zammit
Donia R,Baldacchino
Donia R,Baldacchino
Philip,Burnard
Deborah,Edwards
Kim,Bennett
Hjh,Thaibah
Valerie,Tothova
Donia,Baldacchino
Petrit,Bara
Jetona,Mytevelli
Donia R,Baldacchino
Patrick J,Dean
Maria Fenech,Adami
Alice,Kiger
Susan,McCabe
Odette,Griscti
Brenda,Jacono
John,Jacono
Jane,Rooney
Maria Fenech,Adami
Alice,Kiger
I,Avallone
B,Gibbon
P,Bezzina
J J,Keogh
M,Keogh
J J,Keogh
M E,Andrew
S N,Banoob
